{"cameraMode":{"drawMode":0,"name":"Shaded","section":"Shading Mode"},"sceneLighting":false,"audioPlay":false,"sceneViewState":{"m_AlwaysRefresh":false,"showFog":true,"showSkybox":false,"showFlares":true,"showImageEffects":true,"showParticleSystems":true,"showVisualEffectGraphs":true,"m_FxEnabled":true},"in2DMode":false,"pivot":{"x":26.184764862060548,"y":4.50264835357666,"z":147.94387817382813},"rotation":{"x":0.42596736550331118,"y":-0.0025927633978426458,"z":0.0033803037367761137,"w":0.9052919745445252},"size":4.8524956703186039,"orthographic":false}